month,smb,hml,umd,rf,rm,rmrf
1980m10,.0000364,-.07261682,.04129683,.0112461011,.060244985,.04899888
1980m11,.00616493,-.01852717,.00696386,.0102016858,.008132894,-.00206879
1980m12,.00235637,-.00167116,.01586914,.0102521974,-.0440981129,-.05435031
1981m1,.02026328,.00562219,.01424536,.0099491671,-.005982036,-.0159312
1981m2,-.00805504,.02221654,.00608652,.0091751695,.0577034485,.04852828
1981m3,.04768562,-.01117393,.02115283,.0091331213,.0232665396,.01413342
1981m4,-.00988139,.07669707,-.0683694,.0089229074,.077022185,.06809928
1981m5,.04444705,-.01160645,.02243358,.0090742572,-.0452445088,-.05431877
1981m6,-.01701435,-.02613062,.07177751,.0093938478,.0206095029,.01121566
1981m7,.01027925,-.01840889,.01390542,.0108332592,.0011006052,-.00973265
1981m8,-.0240125,.00406842,.02667275,.0103784864,.0523228923,.04194441
1981m9,.01153225,.03058684,-.03228693,.0118024388,-.1632249537,-.17502739
1981m10,.00414804,-.01088349,-.01344999,.0121988062,.0335505391,.02135173
1981m11,-.03219194,.02089796,.00330574,.010799566,.1060554087,.09525584
1981m12,.0297391,.02043069,.00939755,.0115579491,-.0014988756,-.01305682
1982m1,.00677975,.04199374,.02514037,.0106142691,.0618365451,.05122228
1982m2,.03408546,.00133328,.03677162,.0104458477,-.037672069,-.04811792
1982m3,-.01374716,-.01432566,-.00489508,.0098734237,.035619709,.02574629
1982m4,-.01341474,-.01317134,-1.302e-06,.0102185229,.0094443186,-.0007742
1982m5,-.00723299,-.00561746,.04036714,.0099912492,.0334471913,.02345594
1982m6,-.00292305,-.01083117,.04354397,.0096882972,-.0386339143,-.04832221
1982m7,.0047621,-.04745413,.03191795,.0087967996,.0394585987,.0306618
1982m8,-.02902472,-.00884551,.01038469,.0079144886,.0331372022,.02522271
1982m9,-.01685531,-.06743607,.10438186,.0079480862,.0587616831,.0508136
1982m10,-.00725783,.03184216,.00250076,.0070749099,.026340949,.01926604
1982m11,.03311322,-.07309601,.07047138,.007973285,.0200993247,.01212604
1982m12,-.01289833,-.00499058,-.00282141,.0077633127,.022550503,.01478719
1983m1,.02608607,.05475615,-.03006718,.0086875192,.0379005803,.02921306
1983m2,.02995182,-.01073409,-.00695311,.0086202758,.0152145814,.00659431
1983m3,.00411843,.05621259,-.02268868,.0081412949,.0357232779,.02758198
1983m4,-.02948415,.04729225,-.05266851,.0077297212,.0705794026,.06284968
1983m5,-.00870192,-.00617171,-.02217466,.0077381191,.00020002,-.0075381
1983m6,-.00810348,.02022712,.00063896,.0074358429,.0511659735,.04373013
1983m7,.02393333,-.00403947,.04303878,.0075114035,-.0230306505,-.03054205
1983m8,-.01944574,.03414794,.03356662,.0074694246,.013794275,.00632485
1983m9,-.0046675,.01124318,.00149215,.0071840155,-.0067769324,-.01396095
1983m10,-.01881216,.037307,-.02650421,.0070749099,-.0142968156,-.02137173
1983m11,-.0022108,.00265613,.022254,.0071000869,.060138968,.05303888
1983m12,-.00455747,.02420114,.01104298,.0070833024,.022652763,.01556946
1984m1,.00842558,.04336253,.0264665,.0071000869,.0694024167,.06230233
1984m2,.02168877,.01279275,.00304591,.0070916943,-.0128171521,-.01990885
1984m3,-.0299352,-.00121378,.01603896,.0067308845,.0669456157,.06021473
1984m4,-.02987512,.00389963,.01989614,.0067141062,.0239830776,.01726897
1984m5,.01453304,.01581536,-.02430453,.0071924089,-.1040762748,-.11126868
1984m6,-.00314333,.03377913,-.0081101,.0071000869,.0262383202,.01913823
1984m7,-.00115919,.02498301,-.01254443,.0090069879,-.0223465337,-.03135352
1984m8,.00420359,-.00911285,-.01628864,.007922888,.1004288893,.092506
1984m9,-.00935101,-.01865668,-.00195623,.007956486,.0335505391,.02559405
1984m10,-.00535138,.0152022,.02094513,.007880892,.0181629756,.01028208
1984m11,.00890498,-.0170814,.04880069,.0072511633,.0347915459,.02754038
1984m12,.00088026,-.00105396,.03929704,.0073015273,.0622613679,.05495984
1985m1,-.0056799,.02770506,.02860767,.0091331213,.0402905008,.03115738
1985m2,.03020736,-.00248675,.00424881,.0105637401,-.0069755573,-.0175393
1985m3,.01982087,.00400114,.02259472,.0097556119,.0170436121,.007288
1985m4,.00102429,.00330809,.00015137,.0094190827,.0133888382,.00396976
1985m5,.005565,.02851362,.02081116,.0093433791,.0231642182,.01382084
1985m6,-.00934842,.0508094,.01382065,.0094611428,-.0571046713,-.06656581
1985m7,.0036823,-.00040823,.00497476,.0087211427,.0223460137,.01362487
1985m8,-.00376855,-.00554802,.00289139,.0087379551,.0696163142,.06087836
1985m9,.01588182,.03662229,.05017652,.0087379551,-.0272225997,-.03596055
1985m10,.00456269,-.00255815,.04343888,.0088388338,.0747628135,.06592398
1985m11,-.02106787,-.01617122,.00641312,.0087463614,.0422689302,.03352257
1985m12,-.00475763,.02289749,-.03542143,.0088640549,-.0159710883,-.02483514
1986m1,.02517495,.03673678,-.00248833,.0095620944,.0233688712,.01380678
1986m2,-.00284758,-.02464302,.01429938,.009377025,.0817715235,.0723945
1986m3,-.01253125,-.0012775,.07942305,.0085446321,.0828538383,.07430921
1986m4,.06446004,.00972533,-.00909251,.0078556955,.010454268,.00259857
1986m5,.01749225,.02313521,.00628539,.0074694246,-.0305244264,-.03799385
1986m6,.01094519,.01435412,.01011169,.0074442384,.0372780278,.02983379
1986m7,.02207925,.00424623,-.00554805,.0076121595,-.0505761949,-.05818835
1986m8,-.04546735,-.01224789,-.03028082,.0074694246,.0620489333,.05457951
1986m9,.01885196,.03664857,.0093831,.0077381191,-.0557836921,-.06352181
1986m10,-.00294197,.0314265,-.01713988,.0084017651,.0535864395,.04518467
1986m11,.01594992,.02662328,-.01435267,.0084858023,.0133888382,.00490304
1986m12,.00124297,.03217289,-.00938976,.008468994,.0281900252,.01972103
1987m1,.01103578,.0102801,.0249952,.0084017651,.0844793412,.07607758
1987m2,-.01350255,-.05271431,.00100289,.0081244924,.0914422628,.08331777
1987m3,.04471848,.04713652,.02928288,.0074526339,.0200993247,.01264669
1987m4,.00194858,.01573741,-.01325408,.0073434992,.026340949,.01899745
1987m5,.00535099,.00226091,.01443002,.0068147824,.0748702969,.06805551
1987m6,.06726263,.04726884,.0601596,.0070245572,.0535864395,.04656188
1987m7,.05192036,.01943515,.01512068,.0071588365,.0450868599,.03792802
1987m8,-.00475548,-.0001004,-.01235315,.0078724929,-.0437156763,-.05158817
1987m9,-.00095386,.00527216,.02582203,.0077969053,.0568576255,.04906072
1987m10,.02707259,.06790376,-.05910828,.0071084796,-.2634660818,-.27057456
1987m11,-.04728793,.02865203,-.01420271,.0068063922,-.0990450294,-.10585142
1987m12,-.00408953,.01311931,-.01963009,.0065966629,.0968034552,.09020679
1988m1,.01758005,-.00255016,-.00945506,.0065966629,.056012475,.04941581
1988m2,.00915923,.00477598,.00943325,.0070581252,-.0049875207,-.01204565
1988m3,.01975217,.0221653,.02825535,.0065043955,-.008860512,-.01536491
1988m4,-.0035372,.00846153,.00602774,.0063031151,.0386273658,.03232425
1988m5,.02318202,.00113282,.02891815,.0057749444,-.0014988756,-.00727382
1988m6,.0005721,-.00027757,-.02787061,.0072343756,.0463417147,.03910734
1988m7,.01696421,.01662885,.01869451,.0081749001,.0058168525,-.00235805
1988m8,-.00149763,.01505751,.01640154,.0090994842,-.0523783898,-.06147787
1988m9,-.0295048,.01266142,.0183409,.0090322132,.0423731602,.03334095
1988m10,.01622902,.02585981,-.00932939,.0091163029,.0240854809,.01496918
1988m11,.01058819,.03189718,.01536595,.0099239188,-.0295544658,-.03947838
1988m12,-.03919985,.00530531,-.00903727,.0098734237,-.0034938822,-.01336731
1989m1,-.03586315,-.00038012,-.03634154,.009721954,.1424784765,.13275652
1989m2,.03812945,-.01016452,.03686631,.0098734237,-.0081664717,-.0180399
1989m3,-.0172534,-.00811563,.01548823,.0097808565,.0358268533,.026046
1989m4,-.01955155,-.00522298,.01364342,.0096630555,.01643357,.00677051
1989m5,-.00681317,-.00617179,.02904731,.0104374273,.00451014,-.00592729
1989m6,-.02018927,.01268196,.00653507,.0106984907,.0133888382,.00269035
1989m7,-.02521153,.01690614,-.00161029,.0104121668,.0685472303,.05813506
1989m8,-.03200743,-.04804186,.00836855,.0104963715,.0325175069,.02202114
1989m9,.0202215,.01222037,-.00926832,.0105637401,-.0280005109,-.03856425
1989m10,-.03641578,-.01118978,.02057941,.0105637401,-.0723492808,-.08291302
1989m11,-.04955011,-.00866209,.03270241,.0105721616,.0573861836,.04681402
1989m12,-.02870649,.01990488,-.00864027,.0113303741,.0617303689,.05039999
1990m1,.0336541,.00179506,.00914165,.0113135197,-.027611634,-.03892515
1990m2,-.00711779,-.01423928,.02273678,.0112292469,-.0346842234,-.04591347
1990m3,-.02372201,-.01242726,.01796558,.0114146553,-.0024968775,-.01391153
1990m4,.0050701,.00562575,-.00496235,.0114399414,-.0603050697,-.07174501
1990m5,-.05498756,.00604843,-.0092795,.0113219475,.1108216852,.09949974
1990m6,.00832793,.00330608,.00998543,.0112123929,.0187740576,.00756166
1990m7,.00797521,.01865915,.0157256,.0112208199,-.0167579953,-.02797882
1990m8,-.04104752,.01940555,.01677939,.0111871125,-.0796488499,-.09083596
1990m9,-.01706117,-.00867449,.04667722,.0111534075,-.0801089114,-.09126232
1990m10,-.02296355,.02223839,.00818716,.0103279692,.0365521866,.02622422
1990m11,-.04090018,.02849347,.01671661,.0100080822,.044459993,.03445191
1990m12,-.00099751,-.01137735,.00054251,.0102774538,.0047110623,-.00556639
1991m1,-.05565114,-.0213856,.00255083,.0100922532,.0084353787,-.00165687
1991m2,.06102919,.01116258,-.05705906,.0095368553,.1143820103,.10484516
1991m3,.05411022,-.02524772,-.02137707,.0091583498,.0418521067,.03269376
1991m4,-.00366284,-.00974852,.02202922,.0088640549,.0118698951,.00300584
1991m5,-.0224678,-.02727421,.02877308,.0085446321,.003305451,-.00523918
1991m6,-.00893065,-.02894964,.01730068,.0084942059,-.029748537,-.03824274
1991m7,-.05790897,-.00501762,.03824371,.008317735,.0685472303,.0602295
1991m8,.02215365,-.01118182,-.00863796,.0080236852,.0304545333,.02243085
1991m9,.04753415,.00807135,.02594946,.0077465171,.0018016209,-.0059449
1991m10,.00656917,-.04396871,.0542651,.0079648858,-.0176425154,-.0256074
1991m11,.02316778,-.04739225,.02798034,.0080320856,-.0522836213,-.06031571
1991m12,-.06471811,-.04190544,.05543213,.0081160919,.0203033646,.01218727
1992m1,.00661615,-.01831463,.00795457,.007880892,.0380043773,.03012349
1992m2,.0083622,-.00397539,.02795829,.0077717109,.0056157091,-.002156
1992m3,-.00298375,-.01684558,.01539587,.0081328937,-.0432374136,-.05137031
1992m4,.00575956,.06054516,-.04811912,.007830499,.0989992616,.09116876
1992m5,.0310631,.00196429,.00284077,.0075365914,.0265462374,.01900965
1992m6,-.00168413,-.00284432,.06010189,.0075617805,-.0688175045,-.07637929
1992m7,-.04966549,-.03890508,.01416594,.0076793357,-.056350051,-.06402939
1992m8,-.02114876,.00070999,.04013642,.0077381191,-.0361311109,-.04386923
1992m9,-.02577949,-.01635135,-.00111596,.0066134393,.103955896,.09734246
1992m10,-.02228486,.02348207,-.02440713,.005464878,.0459232625,.04045838
1992m11,-.00363909,.00831012,.0012533,.0052302973,.0487510721,.04352077
1992m12,.05564347,.02382261,-.02665691,.0051297792,.0424774045,.03734763
1993m1,.07582233,.03351435,.01913337,.004953897,.0040080109,-.00094589
1993m2,-.00210049,.04399987,-.00135622,.0044013243,.0271623489,.02276102
1993m3,.00912344,.03689435,.01739428,.0043845841,.0117687124,.00738413
1993m4,.04094795,.02839651,-.02868115,.0043845841,-.010346107,-.01473069
1993m5,.01320446,.02255357,.01404272,.004267413,.013794275,.00952686
1993m6,.00549481,.02429882,.02762835,.0042255693,.0238806846,.01965512
1993m7,-.01800358,.02938565,.03632358,.0041502552,.0147071009,.01055685
1993m8,.00729538,.00524798,-.00841679,.0041502552,.0642815817,.06013133
1993m9,.00906497,.02730333,.03213967,.0042255693,-.0168563163,-.02108189
1993m10,-.02161962,.00189375,.01088865,.0040833142,.0421647068,.03808139
1993m11,-.02485367,-.00268092,.00980567,.0040414781,-.0026963583,-.00673784
1993m12,-.00927055,.00852468,.0371867,.0039912774,.0838288458,.07983757
1994m1,.07117563,.02337985,.0128355,.0039578117,.0407066995,.03674889
1994m2,.03975554,.0050953,-.00963431,.0038490555,-.0380569226,-.04190598
1994m3,-.0099109,-.00321718,.00132143,.0040163773,-.0620887937,-.06610517
1994m4,-.00135491,-.00025825,.00641827,.0039494452,.0152145814,.01126514
1994m5,.01697913,.0069232,-.00458674,.0039159809,-.0482948416,-.05221082
1994m6,-.03717936,-.00002088,-.01064058,.0040080107,-.0207810352,-.02478905
1994m7,-.0249652,.01337195,.02158143,.0045519956,.0600329576,.05548096
1994m8,-.03394966,-.0042752,-.00296414,.004359475,.055801294,.05144182
1994m9,.02222644,.00413577,.01032637,.0044515455,-.0667666479,-.07121819
1994m10,-.02919201,.00316705,.01496992,.0044180644,.0192835711,.01486551
1994m11,-.00479859,-.00904072,.00372301,.0046440837,-.0027960836,-.00744017
1994m12,-.01392646,.00024204,.01292204,.0048031651,-.00039992,-.00520309
1995m1,.00389849,.00187439,.00442016,.004953897,-.0255674727,-.03052137
1995m2,-.01221765,-.00918287,-.00346479,.0050125207,.0073267101,.00231419
1995m3,-.01289417,-.00712468,-.01724358,.004953897,.0432073949,.0382535
1995m4,.0006452,-.00133797,.01859704,.0053559586,.0292187296,.02386277
1995m5,.00888123,.0064833,.00699426,.0049287733,.0381081809,.03317941
1995m6,-.01481267,-.02865422,.03939537,.0053559586,-.0020977965,-.00745376
1995m7,.00186282,.00768363,.00011815,.0053392031,.0512710972,.04593189
1995m8,.01004396,-.03373687,.01950799,.0053140702,.0139970538,.00868298
1995m9,.01187556,-.0339203,.03046996,.0052889372,.0133888382,.0080999
1995m10,-.00391412,-.04525714,.05245412,.0052889372,.0026033829,-.00268555
1995m11,-.01633488,.00335497,.02161857,.005163284,.0340674446,.02890416
1995m12,-.00960516,.01076056,-.00145716,.0050376465,.0129835644,.00794592
1996m1,.01639952,-.00401987,.00839753,.0048534065,.0244951963,.01964179
1996m2,.02423791,-.0034403,.00031503,.0048115384,.0017014458,-.00311009
1996m3,.02050945,.0000492,-.0001964,.0047110624,.0089397225,.00422866
1996m4,.0343858,-.00213345,.0074846,.0047026897,.0432073949,.03850471
1996m5,.0223232,-.03041166,.02853337,.0047361803,-.0121258815,-.01686206
1996m6,-.00768149,.00080748,.02481751,.0045268823,-.0120270893,-.01655397
1996m7,-.02892928,.01255261,-.01907156,.0044850278,-.007471945,-.01195697
1996m8,-.00966471,-.01035277,.03555879,.0044850278,.0500103267,.0455253
1996m9,-.01084994,-.00385923,.01868775,.0045101403,.0187740576,.01426392
1996m10,.01289189,-.01119855,.02075985,.0045771098,.0080320859,.00345498
1996m11,-.02653149,.01577872,-.00907858,.0049706463,.0167385453,.0117679
1996m12,-.00800233,.02275356,.00359592,.0049957707,.0173487723,.012353
1997m1,.0377027,.00190699,.02752456,.0048115384,.0377967937,.03298526
1997m2,.00635043,-.00211349,-.01888347,.004752926,.0117687124,.00701579
1997m3,-.02129368,.0082016,-.00443619,.0048952763,.0026033829,-.00229189
1997m4,-.0174824,.00523873,.02614582,.0049706463,.0214263158,.01645567
1997m5,-.03461551,.02006578,.03133319,.0050376465,.0338606521,.02882301
1997m6,-.02402757,.01391284,.02038352,.0051967899,-.0038924048,-.00908919
1997m7,-.05897541,.01734457,.02461214,.0053727149,.0505354642,.04516275
1997m8,.0393677,.00481507,-.0170447,.0055905692,-.0039920108,-.00958258
1997m9,-.02328342,-.01750294,-.00999152,.0055738092,.0810145517,.07544074
1997m10,.0331006,.01383093,.02844931,.0055738092,-.0647112744,-.07028508
1997m11,-.02206685,-.00285998,.00865554,.0057581813,-.0008995951,-.00665778
1997m12,-.02052638,-.0322026,.04394267,.0056576107,.0555901552,.04993254
1998m1,-.04332201,-.02454948,.10614595,.0054397419,.0527439049,.04730416
1998m2,.0080347,-.00758985,-.01333361,.0055821892,.0593971296,.05381494
1998m3,.02238407,.02363676,.00272488,.0055905692,.0426859205,.03709535
1998m4,.00290217,-.0026399,-.01130474,.0056576107,.0047110623,-.00094655
1998m5,.05001603,-.00023591,.01423404,.0056743721,.0063198867,.00064551
1998m6,-.06130667,-.00460274,.04921313,.0059342049,-.0188206372,-.02475484
1998m7,-.03880544,-.02784954,.05312242,.0058839092,-.0023971224,-.00828103
1998m8,-.04359075,-.00925643,.02358128,.0058419982,-.1038074594,-.10964946
1998m9,-.0449051,.05127753,-.04824716,.005464878,-.036998203,-.04246308
1998m10,-.03151061,.01900481,-.06108784,.0053056924,.069723283,.06441759
1998m11,-.0196054,-.03440394,.07332896,.0050543972,.0505354642,.04548107
1998m12,-.0101897,-.06970478,.07223305,.0045436245,.019181648,.01463802
1999m1,.02479726,-.03487452,.0145297,.0042757817,.0086370865,.0043613
1999m2,.03132584,.01712497,-.04105298,.0040833142,.0496953733,.04561206
1999m3,.04305475,.02459211,-.03902526,.0039912774,.0308667987,.02687552
1999m4,.03561436,.1019367,-.11019797,.0039996439,.0484364926,.04443685
1999m5,.01401033,.00439692,.01112649,.0040247443,-.0443848417,-.04840959
1999m6,.01161153,.01128975,.00556448,.00384069,.0214263158,.01758563
1999m7,.04907501,-.00603185,.0239819,.0039578117,-.0063795635,-.01033738
1999m8,.03187806,.01279457,-.02979126,.0039494452,.0088388338,.00488939
1999m9,.01727585,-.05306601,.01739799,.0042172009,-.0366129259,-.04083013
1999m10,-.00758361,-.09705798,.04598211,.004259044,.0286013847,.02434234
1999m11,.06421431,-.17749656,.15839447,.0043008891,.0642815817,.05998069
1999m12,.01350967,-.04219196,.10257912,.004560367,.051691689,.04713132
2000m1,.09790834,-.10306514,.070585,.0046524559,-.0815795646,-.08623202
2000m2,.07553458,-.18607596,.16044239,.0047445533,.0069238598,.00217931
2000m3,-.09995517,.09889092,-.17926813,.0047445533,.0442511222,.03950657
2000m4,-.06567943,.11660999,-.14914489,.0048366591,-.0328483776,-.03768504
2000m5,-.04354602,.09164516,-.1221183,.004752926,.0068231726,.00207025
2000m6,.04320674,.00760184,.03916488,.0047445533,.0053140697,.00056952
2000m7,.01822574,-.04176324,.04347947,.0047445533,.0118698951,.00712534
2000m8,.02790986,-.04059832,.06469922,.0047864186,.0517968652,.04701045
2000m9,.00037147,.03674263,-.01092599,.0047110624,-.0542717358,-.0589828
2000m10,-.05437952,.11519734,-.1063232,.0047110624,.0171453233,.01243426
2000m11,-.00505359,.12287354,-.10165718,.0045938528,-.0418970102,-.04649086
2000m12,.03022049,.00298948,.00774869,.004560367,.0149100623,.0103497
2001m1,.03780433,.03916188,-.05589112,.0044682865,.0161286862,.0116604
2001m2,.02586574,.03819804,.13279682,.0043845841,-.0507660604,-.05515064
2001m3,-.03687062,.1047535,.09962123,.0041837273,-.0505761949,-.05475992
2001m4,-.00103189,.01649718,-.02805002,.0041837273,.0604570548,.05627333
2001m5,.04301921,.0027151,.07827115,.0040331113,-.0180353809,-.02206849
2001m6,-.00561129,.05436692,.09768777,.004100049,-.0281948911,-.03229494
2001m7,-.03399317,.03334584,.00744433,.0040582123,-.0227375163,-.02679573
2001m8,.05031554,.04018429,.07492208,.0031382473,-.0233236987,-.02646195
2001m9,-.10956103,.07436312,.08094919,.0034894072,-.0942572915,-.0977467
2001m10,.0578379,.01609105,-.06684656,.0033639789,.0324142585,.02905028
2001m11,.05913965,.04917253,-.09342294,.0030880917,.0436247606,.04053667
2001m12,.01156102,-.00669446,.02871438,.0031382473,.00451014,.00137189
2002m1,-.00211076,-.04974636,.11057887,.0031549664,-.0104450673,-.01360003
2002m2,-.01867002,-.0257839,.09456075,.0032134855,-.0080672836,-.01128077
2002m3,.01105282,.02505855,.00916763,.0032720081,.041956295,.03868429
2002m4,.05192905,.00996785,.06437925,.003255287,-.0155773969,-.01883268
2002m5,.01572975,.03194981,.05708126,.0034141483,-.0122246638,-.01563881
2002m6,-.00865404,-.00755327,.0611067,.0032218458,-.0842391228,-.08746097
2002m7,-.02920707,.05916464,.03151902,.0032720081,-.092262464,-.09553447
2002m8,-.00991308,.03528872,.06384053,.003129888,.003305451,.00017556
2002m9,.00487316,-.03283896,.09766731,.0030880917,-.1175913442,-.12067944
2002m10,-.06264102,.04946824,.00894487,.0030964507,.0778841541,.0747877
2002m11,.0182853,.05398571,-.11093252,.0031382473,.0354126061,.03227436
2002m12,-.0051369,-.00827031,.07016455,.003146607,-.0534202004,-.05656681
2003m1,.02124135,.03311391,-.02652606,.0030797326,-.0897172348,-.09279697
2003m2,-.0270806,.02015279,.04510128,.0028373512,.0262383202,.02340097
2003m3,-.00962705,-.01987859,.00509626,.0028540652,-.0061808198,-.00903489
2003m4,.02202715,-.00233135,-.10905775,.0028289941,.093736698,.0909077
2003m5,.059717,.05267738,-.06321604,.0027955671,.043833506,.04103794
2003m6,.05676265,-.02815942,-.02665817,.002845708,.0031048101,.0002591
2003m7,.04312775,.02860242,-.01043988,.0026618698,.0394585987,.03679673
2003m8,.04069359,.00611287,-.03858301,.0028707796,.0156207478,.01274997
2003m9,-.00145477,.00914619,.01015822,.0028874942,-.0159710883,-.01885858
2003m10,.00016118,.00097455,.02858586,.0030964507,.0494854556,.046389
2003m11,-.02129919,.03128932,-.00807782,.003129888,.0128822703,.00975238
2003m12,-.01555565,.02046219,-.00691716,.0031633262,.0292187296,.0260554
2004m1,.07273249,.01209014,.05441837,.0032385663,-.0086622646,-.01190083
2004m2,.00337877,.00979295,.02571296,.0032970903,.0286013847,.02530429
2004m3,-.00071135,-.00166124,-.0273345,.0034141483,-.0132119456,-.01662609
2004m4,-.02390237,.00322747,-.04725223,.0034559581,.0206095029,.01715354
2004m5,-.02213785,-.00103844,-.01217819,.0036315782,-.0132119456,-.01684352
2004m6,.0332148,-.0119498,.02439754,.0037737696,.0147071009,.01093333
2004m7,-.01728823,.02326812,.00248692,.0038490555,-.015380493,-.01922955
2004m8,-.01153879,.02161333,.00001112,.0038574207,.0165352183,.0126778
2004m9,.00240278,.01720664,.00816988,.0038323245,.0277788321,.02394651
2004m10,-.00061047,.02618929,-.00585224,.0038155941,.0122747233,.00845913
2004m11,.01136038,.02649592,.01681673,.0037904993,.0239830776,.02019258
2004m12,.02328559,.00608676,-.00546572,.0038239594,.0291158131,.02529185
2005m1,.02973733,.01308971,-.00463956,.0037988641,.0132875045,.00948864
2005m2,-.01168404,-.01614807,.01132871,.0038825176,.0259304935,.02204798
2005m3,-.00251033,.01283155,-.01490372,.0038825176,-.0087613933,-.01264391
2005m4,-.03291819,-.01820207,.00133771,.0038323245,-.0225420446,-.02637437
2005m5,-.01094369,.01056728,.01738748,.0037988641,.0390428991,.03524404
2005m6,.01269048,.0011983,.0218024,.0037737696,.0339640413,.03019027
2005m7,-.00143623,.00010317,-.00079841,.0036232148,.0338606521,.03023744
2005m8,.00987087,.00422921,.01415034,.0035813979,.0116675408,.00808614
2005m9,-.01589987,-.03027287,.04695552,.0035981244,.0341708544,.03057273
2005m10,-.01330211,.00705849,.00320224,.0036148511,-.0288749173,-.03248977
2005m11,.05844373,-.03394238,.0494408,.0035981244,.0330338919,.02943577
2005m12,.00507809,-.01241629,.0164,.0036148511,.0393546602,.03573981
2006m1,.03010259,-.01663434,.04918086,.0035981244,.0291158131,.02551769
2006m2,.02469727,.00405994,.01087544,.0035813979,.012072289,.00849089
2006m3,-.01405826,.00364311,.02541699,.0036064879,.0379005803,.03429409
2006m4,-.01203978,-.02481107,.03264883,.0036315782,.0106563787,.0070248
2006m5,.00107348,.00127272,-.02754815,.0036817612,-.0478188691,-.05150063
2006m6,-.01109696,.00815572,.00007571,.0037068534,.0200993247,.01639247
2006m7,-.02107989,.02440571,-.00725556,.0038155941,.013186181,.00937059
2006m8,.01822398,-.00908739,-.00462152,.0038908832,.0071252648,.00323438
2006m9,.02504817,.03692307,-.01147877,.0039661778,.0157223148,.01175614
2006m10,.00333703,.03052215,.02169525,.0040582123,.0303514931,.02629328
2006m11,.02322007,.01755539,.02741801,.0040833142,-.002895799,-.00697911
2006m12,.03875625,.00592952,.02890674,.0041586233,.03334385,.02918523
2007m1,.00325855,-.01130722,-.02330108,.0043678446,-.0024968775,-.00686472
2007m2,-.00082797,-.02140807,-.00619353,.004325997,-.0016985558,-.00602455
2007m3,.00100316,-.00128549,.01103632,.0043762145,.0334471913,.02907098
2007m4,-.00192292,-.00125513,.00262817,.0044515455,.0244951963,.02004365
2007m5,-.0170829,.01425865,.00205568,.0045268823,.0281900252,.02366314
2007m6,-.05250195,.00518683,-.04747173,.0046859448,-.0075711932,-.01225714
2007m7,.02630497,-.02035005,.01983981,.0046692002,-.0332351602,-.03790436
2007m8,-.02314968,-.00515105,-.00488103,.0046859448,-.0026963583,-.0073823
2007m9,-.07888955,-.00314401,.06433161,.0045519956,.0188759399,.01432394
2007m10,.00938874,.00317915,.0311867,.0045268823,.0434160568,.03888917
2007m11,-.070871,-.0274818,.05240233,.0044264345,-.0474379211,-.05186436
2007m12,-.03279028,.01005328,.03271342,.004267413,.0026033829,-.00166403
2008m1,.00743653,.00542734,-.00978215,.0041167841,-.086617009,-.09073379
2008m2,.04200614,-.01172902,.07593839,.0040582123,.0077297212,.00367151
2008m3,.00335608,-.01694188,.01809305,.0038908832,-.0205851721,-.02447606
2008m4,-.04940917,.00983295,.06871806,.0039912773,.0625800923,.05858881
2008m5,-.01005241,-.02934438,.04477178,.0041084165,-.0019980013,-.00610642
2008m6,-.02487664,-.02773796,.13513311,.0041586232,-.0706780084,-.07483663
2008m7,.01675973,-.06965532,.00147268,.0041335195,-.0360347184,-.04016824
2008m8,-.00654898,-.00152275,-.09546905,.0040247443,.0499053319,.04588059
2008m9,-.00913765,-.03737999,-.02157296,.0036817611,-.1323787435,-.1360605
2008m10,-.11476283,-.07014741,.08793762,.0029042091,-.1190020677,-.12190628
2008m11,-.06291687,.00035519,.04623821,.0013926355,-.016659667,-.0180523
2008m12,-.0418123,.00567662,.02901619,.0009754755,.0367595173,.03578404
2009m1,.03747751,-.06836674,.04463889,.0007502813,-.0583296382,-.05907992
2009m2,.02557139,.0101124,-.06834045,.0005501513,-.0651788019,-.06572895
2009m3,.0059823,.01835174,-.15646179,.0005168002,.032827307,.03231051
2009m4,.156074,.07629846,-.25028301,.0004834502,.0994389453,.0989555
2009m5,.00865862,-.01578997,-.03929167,.0004334272,.041956296,.04152287
2009m6,.01145456,-.03071845,.02305879,.0004084167,-.0320743476,-.03248276
2009m7,.00213945,.02591618,-.0262638,.0003583975,.0850217143,.08466332
2009m8,.0512082,.09005717,-.04643381,.0003083809,.0770221884,.07671381
2009m9,-.00460253,.00317228,-.03229072,.0003250528,.0471791236,.04685407
2009m10,-.00596214,-.02730201,.02817635,.0003750703,-.0182317535,-.01860682
2009m11,-.06302818,-.02592254,.03177527,.0003834068,.0296305,.02924709
2009m12,-.02614585,.00213026,-.00441667,.0004084167,.0434160564,.04300764
2010m1,.05016524,-.01860431,.00459189,.0004084167,-.0357454855,-.0361539
2010m2,-.03651418,.00252939,.02301087,.0004084167,.03375727,.03334885
2010m3,-.0215276,.01524126,.06432032,.0004250903,.0675859734,.06716088
2010m4,.0555079,.01695321,-.00799572,.0004167535,-.0139024557,-.01431921
2010m5,-.01608422,-.02544223,.00188276,.0004084167,-.0622763598,-.06268478
2010m6,.02654983,-.02660468,.04083112,.0004084167,-.0462941611,-.04670258
2010m7,-.0088617,.00279676,.04419018,.0004167535,.0689747376,.06855798
2010m8,-.01109784,-.00721607,.02693537,.0004084167,-.0021975818,-.002606
2010m9,.01182346,.00733166,.02829965,.0004084167,.0654529352,.06504452
2010m10,.01211705,.01198267,.02597176,.0004167535,.0253151205,.02489837
2010m11,-.00639995,-.00106557,.03409617,.00040008,-.0225420442,-.02294212
2010m12,.01964454,.01797577,.0113447,.0004167535,.0714362091,.07101946
2011m1,.01077755,.04483825,-.00633523,.0004250903,-.0052859798,-.00571107
2011m2,-.02909224,-.0028042,.00550826,.0004501013,.0239830769,.02353298
2011m3,.01230164,-.02233653,.02808162,.0004667756,-.0080672834,-.00853406
2011m4,.02613017,-.02895989,.0025412,.0004667756,.0310729922,.03060622
2011m5,.00928956,-.01809762,-.02121559,.0004334272,-.0071741421,-.00760757
2011m6,.00002914,-.01876132,.02591676,.0004250903,-.0044898902,-.00491498
2011m7,.00803622,-.01592756,.01211758,.0004084167,-.022053193,-.02246161
2011m8,-.03431191,-.03593227,-.04076281,.0003834068,-.0689106181,-.06929402
2011m9,-.00562307,-.00370811,-.05009095,.0003834068,-.0501013649,-.05048477
2011m10,-.04171613,.03736264,.00901885,.0003834068,.0789625742,.07857917
2011m11,-.02693544,-.02049789,.05338737,.000341725,-.0036931634,-.00403489
2011m12,-.03026123,-.01102706,.04302156,.00020002,.008435379,.00823536
2012m1,.06815462,.01800827,-.13283217,.000300045,.0271623497,.0268623
2012m2,.03332802,.01055417,-.00054462,.0003333889,.0428944788,.04256109
2012m3,.03258665,-.02638992,.03249425,.0003667339,-.0094550176,-.00982175
2012m4,-.00672346,-.01364661,.02667179,.0003333889,-.003294561,-.00362795
2012m5,-.00764747,-.0446909,.08519686,.0002750378,-.067979063,-.0682541
2012m6,-.01015187,.02149254,-.0036254,.0002917092,.0482268265,.04793512
2012m7,-.00839675,.00388433,.00548037,.0002166901,.0132875046,.01307081
2012m8,.02210967,-.00453238,.00831399,.00020002,.0221415652,.02194155
2012m9,.03638974,.00698656,-.026851,.0002166901,.0108585305,.01064184
2012m10,.00729152,.02091704,.00130989,.000191685,.0103532276,.01016154
2012m11,-.00470608,-.02301429,.03926686,.000191685,.0175522618,.01736058
2012m12,.03983892,.0369448,-.00884545,.0002583667,.0098481773,.00958981
2013m1,-.01047003,.00749149,.00930991,.0002416959,.0637495735,.06350788
2013m2,.02144027,-.03851745,.06584462,.0002750378,.0227550342,.02248
2013m3,.00446793,-.03000798,.05985424,.0003083809,.0140984589,.01379008
2013m4,.00718743,.00757186,.03610676,.0002750378,.0058168526,.00554181
2013m5,.01899875,.00407687,.01484861,.0002583667,.0291158134,.02885745
2013m6,.02964676,-.01325649,.04651048,.0002750378,-.0499113662,-.0501864
2013m7,.01118447,.01617778,.0364866,.0002500313,.0677995119,.06754948
2013m8,.02932642,-.00122901,-.04478809,.0002250253,-.0221509828,-.02237601
2013m9,.01294607,.02408101,.02166447,.0002917092,.0111618336,.01087012
2013m10,-.00316736,.00893954,.03136815,.0002667022,.0428944788,.04262778
2013m11,.01729014,-.00299615,.02465237,.0002416959,-.0069755571,-.00721725
2013m12,.00995772,.00575308,.0280121,.0002166901,.0183666293,.01814994
2014m1,.05117162,.01253681,.03301348,.000300045,-.0305244269,-.03082447
2014m2,-.01040651,.00647319,-.00849747,.0003167168,.0524281308,.05211141
2014m3,.00281846,-.02521563,-.02402737,.0003500613,-.0260545665,-.02640463
2014m4,-.0506994,.0377159,-.06489442,.0002833735,.0216306222,.02134725
2014m5,-.00648134,-.01954972,-.01861928,.0002333606,.0136929007,.01345954
2014m6,-.00627305,.00936443,.00078667,.0003500613,-.0128171516,-.01316721
2014m7,-.00047183,.01882742,.01646589,.000341725,-.0029955045,-.00333723
2014m8,.00032043,-.01865599,-.00391502,.0003333889,.0215284642,.02119508
2014m9,.00505892,-.01080521,.02278612,.00040008,-.0277088672,-.02810895
2014m10,-.01031213,-.01378086,.04545745,.0003250528,-.0068762497,-.0072013
2014m11,-.02101518,-.01812527,.0277711,.000341725,.0292187301,.02887701
2014m12,.03944724,.00051833,.00906418,.0003250528,-.0159710878,-.01629614
2015m1,-.03154786,-.02346357,.0325936,.0002833735,.0262383195,.02595495
2015m2,.01440126,.03169539,-.05486341,.0003333889,.0372780266,.03694464
2015m3,.02118027,-.01406964,.05154257,.0003667339,-.016659667,-.0170264
2015m4,-.00154173,.01573314,-.05625679,.0003500613,.0303514937,.03000143
2015m5,.03836923,-.021919,.02609777,.0003834068,.0134901824,.01310678
2015m6,.04553318,-.0116472,.00278034,.0004084167,-.0574817533,-.05789017
2015m7,.00085665,-.03970913,.07413823,.00040008,.0239830769,.023583
2015m8,.03323951,-.01828462,.0202182,.0003750703,-.0532308639,-.05360593
2015m9,-.00359417,-.03906863,.07447879,.0003917434,-.0273198729,-.02771162
2015m10,-.03952292,.02629465,-.02857554,.00040008,.0469697088,.04656963
2015m11,-.00907179,-.03401955,.02953799,.00040008,.0057162759,.0053162
2015m12,.02581081,-.00884548,.04450505,.0003917434,-.0127184284,-.01311017
2016m1,-.04980502,.01009455,.02050437,.00040008,-.030815226,-.03121531
2016m2,-.02207787,-.02156368,-.07856099,.0003917434,.0080320855,.00764034
2016m3,.01113351,.01458687,-.03221281,.0003750703,.0193855053,.01901044
2016m4,-.02366444,.04009041,-.04053889,.0003667339,.0113640862,.01099735
2016m5,.02881207,-.01316813,.05031314,.0003500613,.0068231725,.00647311
2016m6,-.14775209,.00850204,.04521308,.0003083809,.0281900259,.02788164
2016m7,.04382345,-.04147098,.00305557,.0002833735,.0400824616,.03979909
2016m8,.03471076,-.00456123,-.03530581,.0001833501,.0189778327,.01879448
2016m9,-.00758194,.00124405,.05210446,.0001500113,.0169419136,.0167919
2016m10,-.02933696,.05235983,.03360503,.0001333422,.0056157093,.00548237
2016m11,.0407632,.02843362,-.01186327,.000100005,-.0162662522,-.01636626
2016m12,.00431994,.00429953,-.01305081,8.33337e-06,.050115334,.050107
2017m1,.01016293,.01432264,.05230343,.0001333422,-.003294561,-.0034279
2017m2,-.01405392,-.02866341,-.02703044,.0000250003,.0310729922,.03104799
2017m3,.01131645,-.00911293,.00074179,.0000500013,.0122747236,.01222472
2017m4,.04077879,-.00214579,-.02577318,.000058335,-.0036931634,-.0037515
2017m5,-.01853141,-.01477143,-.00067876,.0000500013,.0436247605,.04357476
2017m6,.00821211,.01469722,.01404609,.0001083392,-.024690088,-.02479843
2017m7,.01688822,.0467664,.07362084,.0001083392,.0116675409,.0115592
2017m8,-.00835713,-.00055432,.03185365,.0001416767,.0138956595,.01375398
2017m9,.02471272,-.00356992,-.02424405,.0001833501,-.0042907682,-.00447412
2017m10,-.00724349,-.00150069,.02870736,.000300045,.0186721852,.01837214
2017m11,.00724551,.01574284,.00887156,.0002917092,-.016561328,-.01685304
2017m12,-.0196239,.02061272,-.00180579,.0002250253,.0477028441,.04747782
